{"UUID":"BNqNAmenGsbiGAQEIOgpuR","layoutMainAxisSizing":null,"layoutCrossAxisSizing":null,"name":"Parabeac Theming","isVisible":true,"boundaryRectangle":null,"style":null,"prototypeNodeUUID":null,"child":null,"constraints":null,"debug":false,"pngPath":"/usr/src/app/temp-out/pb-tmp-435d2b76-0e58-494d-a7c1-385a39647a9f/food_deli/lib/assets/images","pages":[{"UUID":"0:1","layoutMainAxisSizing":null,"layoutCrossAxisSizing":null,"name":"Cover","isVisible":true,"boundaryRectangle":null,"style":null,"prototypeNodeUUID":null,"child":null,"constraints":null,"convert":true,"screens":[],"pbdlType":"page"},{"UUID":"2:7","layoutMainAxisSizing":null,"layoutCrossAxisSizing":null,"name":"Theme","isVisible":true,"boundaryRectangle":null,"style":null,"prototypeNodeUUID":null,"child":null,"constraints":null,"convert":true,"screens":[],"pbdlType":"page"},{"UUID":"4:2","layoutMainAxisSizing":null,"layoutCrossAxisSizing":null,"name":"Material 2 -- Color Schemes","isVisible":true,"boundaryRectangle":null,"style":null,"prototypeNodeUUID":null,"child":null,"constraints":null,"convert":true,"screens":[],"pbdlType":"page"}],"miscPages":[],"sharedStyles":[],"globalStyles":{"UUID":"","layoutMainAxisSizing":null,"layoutCrossAxisSizing":null,"name":"","isVisible":false,"boundaryRectangle":null,"style":null,"prototypeNodeUUID":null,"child":null,"constraints":null,"pbdlType":"global_styles","designSystem":"material","colors":[],"textStyles":[],"themeColors":[{"UUID":"6:15","layoutMainAxisSizing":null,"layoutCrossAxisSizing":null,"name":"light/onPrimary","isVisible":false,"boundaryRectangle":null,"style":null,"prototypeNodeUUID":null,"child":null,"constraints":null,"description":"","pbdlType":"global_color","color":{"a":1.0,"r":0.0,"g":0.27224570512771606,"b":0.35821786522865295},"colorScheme":"light"},{"UUID":"13:3","layoutMainAxisSizing":null,"layoutCrossAxisSizing":null,"name":"light/primary","isVisible":false,"boundaryRectangle":null,"style":null,"prototypeNodeUUID":null,"child":null,"constraints":null,"description":"","pbdlType":"global_color","color":{"a":1.0,"r":0.46070611476898193,"g":0.87056964635849,"b":1.0},"colorScheme":"light"},{"UUID":"13:6","layoutMainAxisSizing":null,"layoutCrossAxisSizing":null,"name":"light/primaryContainer","isVisible":false,"boundaryRectangle":null,"style":null,"prototypeNodeUUID":null,"child":null,"constraints":null,"description":"","pbdlType":"global_color","color":{"a":1.0,"r":0.0,"g":0.43921568989753723,"b":0.5764706134796143},"colorScheme":"light"},{"UUID":"13:8","layoutMainAxisSizing":null,"layoutCrossAxisSizing":null,"name":"light/secondary","isVisible":false,"boundaryRectangle":null,"style":null,"prototypeNodeUUID":null,"child":null,"constraints":null,"description":"","pbdlType":"global_color","color":{"a":1.0,"r":0.32663536071777344,"g":0.917404055595398,"b":0.4211583733558655},"colorScheme":"light"},{"UUID":"13:13","layoutMainAxisSizing":null,"layoutCrossAxisSizing":null,"name":"light/onSecondary","isVisible":false,"boundaryRectangle":null,"style":null,"prototypeNodeUUID":null,"child":null,"constraints":null,"description":"","pbdlType":"global_color","color":{"a":1.0,"r":0.04636120796203613,"g":0.4226782023906708,"b":0.10657193511724472},"colorScheme":"light"},{"UUID":"13:21","layoutMainAxisSizing":null,"layoutCrossAxisSizing":null,"name":"light/onPrimaryContainer","isVisible":false,"boundaryRectangle":null,"style":null,"prototypeNodeUUID":null,"child":null,"constraints":null,"description":"","pbdlType":"global_color","color":{"a":1.0,"r":0.5182721614837646,"g":0.8843854665756226,"b":1.0},"colorScheme":"light"},{"UUID":"13:22","layoutMainAxisSizing":null,"layoutCrossAxisSizing":null,"name":"light/secondaryContainer","isVisible":false,"boundaryRectangle":null,"style":null,"prototypeNodeUUID":null,"child":null,"constraints":null,"description":"","pbdlType":"global_color","color":{"a":1.0,"r":0.09479427337646484,"g":0.7409408092498779,"b":0.702172040939331},"colorScheme":"light"},{"UUID":"13:27","layoutMainAxisSizing":null,"layoutCrossAxisSizing":null,"name":"light/onSecondaryContainer","isVisible":false,"boundaryRectangle":null,"style":null,"prototypeNodeUUID":null,"child":null,"constraints":null,"description":"","pbdlType":"global_color","color":{"a":1.0,"r":0.03923743963241577,"g":0.31316429376602173,"b":0.2967287302017212},"colorScheme":"light"},{"UUID":"13:43","layoutMainAxisSizing":null,"layoutCrossAxisSizing":null,"name":"light/onTertiary","isVisible":false,"boundaryRectangle":null,"style":null,"prototypeNodeUUID":null,"child":null,"constraints":null,"description":"","pbdlType":"global_color","color":{"a":1.0,"r":0.188700869679451,"g":0.188700869679451,"b":0.188700869679451},"colorScheme":"light"},{"UUID":"13:44","layoutMainAxisSizing":null,"layoutCrossAxisSizing":null,"name":"light/tertiary","isVisible":false,"boundaryRectangle":null,"style":null,"prototypeNodeUUID":null,"child":null,"constraints":null,"description":"","pbdlType":"global_color","color":{"a":1.0,"r":0.6720197200775146,"g":0.6720197200775146,"b":0.6720197200775146},"colorScheme":"light"},{"UUID":"13:45","layoutMainAxisSizing":null,"layoutCrossAxisSizing":null,"name":"light/tertiaryContainer","isVisible":false,"boundaryRectangle":null,"style":null,"prototypeNodeUUID":null,"child":null,"constraints":null,"description":"","pbdlType":"global_color","color":{"a":1.0,"r":0.43036752939224243,"g":0.43036752939224243,"b":0.43036752939224243},"colorScheme":"light"},{"UUID":"13:46","layoutMainAxisSizing":null,"layoutCrossAxisSizing":null,"name":"light/onTertiaryContainer","isVisible":false,"boundaryRectangle":null,"style":null,"prototypeNodeUUID":null,"child":null,"constraints":null,"description":"","pbdlType":"global_color","color":{"a":1.0,"r":0.8178675174713135,"g":0.8178675174713135,"b":0.8178675174713135},"colorScheme":"light"},{"UUID":"13:62","layoutMainAxisSizing":null,"layoutCrossAxisSizing":null,"name":"light/error","isVisible":false,"boundaryRectangle":null,"style":null,"prototypeNodeUUID":null,"child":null,"constraints":null,"description":"","pbdlType":"global_color","color":{"a":1.0,"r":0.8440393805503845,"g":0.0,"b":3.0185199761945114e-7},"colorScheme":"light"},{"UUID":"13:63","layoutMainAxisSizing":null,"layoutCrossAxisSizing":null,"name":"light/onError","isVisible":false,"boundaryRectangle":null,"style":null,"prototypeNodeUUID":null,"child":null,"constraints":null,"description":"","pbdlType":"global_color","color":{"a":1.0,"r":1.0,"g":0.7190684080123901,"b":0.7190685272216797},"colorScheme":"light"},{"UUID":"13:64","layoutMainAxisSizing":null,"layoutCrossAxisSizing":null,"name":"light/errorContainer","isVisible":false,"boundaryRectangle":null,"style":null,"prototypeNodeUUID":null,"child":null,"constraints":null,"description":"","pbdlType":"global_color","color":{"a":1.0,"r":1.0,"g":0.8524017333984375,"b":0.8524017930030823},"colorScheme":"light"},{"UUID":"13:65","layoutMainAxisSizing":null,"layoutCrossAxisSizing":null,"name":"light/onErrorContainer","isVisible":false,"boundaryRectangle":null,"style":null,"prototypeNodeUUID":null,"child":null,"constraints":null,"description":"","pbdlType":"global_color","color":{"a":1.0,"r":0.6107350587844849,"g":0.0,"b":2.184158773843592e-7},"colorScheme":"light"},{"UUID":"13:73","layoutMainAxisSizing":null,"layoutCrossAxisSizing":null,"name":"light/background","isVisible":false,"boundaryRectangle":null,"style":null,"prototypeNodeUUID":null,"child":null,"constraints":null,"description":"","pbdlType":"global_color","color":{"a":1.0,"r":0.9053530097007751,"g":0.9053530097007751,"b":0.9053530097007751},"colorScheme":"light"},{"UUID":"13:74","layoutMainAxisSizing":null,"layoutCrossAxisSizing":null,"name":"light/onBackground","isVisible":false,"boundaryRectangle":null,"style":null,"prototypeNodeUUID":null,"child":null,"constraints":null,"description":"","pbdlType":"global_color","color":{"a":1.0,"r":0.28547465801239014,"g":0.28547465801239014,"b":0.28547465801239014},"colorScheme":"light"},{"UUID":"13:90","layoutMainAxisSizing":null,"layoutCrossAxisSizing":null,"name":"light/surface","isVisible":false,"boundaryRectangle":null,"style":null,"prototypeNodeUUID":null,"child":null,"constraints":null,"description":"","pbdlType":"global_color","color":{"a":1.0,"r":1.0,"g":1.0,"b":1.0},"colorScheme":"light"},{"UUID":"13:91","layoutMainAxisSizing":null,"layoutCrossAxisSizing":null,"name":"light/onSurface","isVisible":false,"boundaryRectangle":null,"style":null,"prototypeNodeUUID":null,"child":null,"constraints":null,"description":"","pbdlType":"global_color","color":{"a":1.0,"r":0.08870086818933487,"g":0.08870086818933487,"b":0.08870086818933487},"colorScheme":"light"},{"UUID":"13:92","layoutMainAxisSizing":null,"layoutCrossAxisSizing":null,"name":"light/surfaceVariant","isVisible":false,"boundaryRectangle":null,"style":null,"prototypeNodeUUID":null,"child":null,"constraints":null,"description":"","pbdlType":"global_color","color":{"a":1.0,"r":0.8720341920852661,"g":0.8720341920852661,"b":0.8720341920852661},"colorScheme":"light"},{"UUID":"13:93","layoutMainAxisSizing":null,"layoutCrossAxisSizing":null,"name":"light/onSurfaceVariant","isVisible":false,"boundaryRectangle":null,"style":null,"prototypeNodeUUID":null,"child":null,"constraints":null,"description":"","pbdlType":"global_color","color":{"a":1.0,"r":0.7918258905410767,"g":0.7918258905410767,"b":0.7918258905410767},"colorScheme":"light"},{"UUID":"13:98","layoutMainAxisSizing":null,"layoutCrossAxisSizing":null,"name":"light/outline","isVisible":false,"boundaryRectangle":null,"style":null,"prototypeNodeUUID":null,"child":null,"constraints":null,"description":"","pbdlType":"global_color","color":{"a":1.0,"r":0.925000011920929,"g":0.925000011920929,"b":0.925000011920929},"colorScheme":"light"},{"UUID":"13:133","layoutMainAxisSizing":null,"layoutCrossAxisSizing":null,"name":"light/inverseSurface","isVisible":false,"boundaryRectangle":null,"style":null,"prototypeNodeUUID":null,"child":null,"constraints":null,"description":"","pbdlType":"global_color","color":{"a":1.0,"r":0.0,"g":0.0,"b":0.0},"colorScheme":"light"},{"UUID":"13:134","layoutMainAxisSizing":null,"layoutCrossAxisSizing":null,"name":"light/onInverseSurface","isVisible":false,"boundaryRectangle":null,"style":null,"prototypeNodeUUID":null,"child":null,"constraints":null,"description":"","pbdlType":"global_color","color":{"a":1.0,"r":0.8643759489059448,"g":0.8609424829483032,"b":0.8609424829483032},"colorScheme":"light"},{"UUID":"15:142","layoutMainAxisSizing":null,"layoutCrossAxisSizing":null,"name":"light/inversePrimary","isVisible":false,"boundaryRectangle":null,"style":null,"prototypeNodeUUID":null,"child":null,"constraints":null,"description":"","pbdlType":"global_color","color":{"a":1.0,"r":0.0026061534881591797,"g":0.31555357575416565,"b":0.41437891125679016},"colorScheme":"light"},{"UUID":"15:143","layoutMainAxisSizing":null,"layoutCrossAxisSizing":null,"name":"light/surfaceTint","isVisible":false,"boundaryRectangle":null,"style":null,"prototypeNodeUUID":null,"child":null,"constraints":null,"description":"","pbdlType":"global_color","color":{"a":1.0,"r":0.9005362391471863,"g":0.9914488196372986,"b":0.9750845432281494},"colorScheme":"light"},{"UUID":"16:245","layoutMainAxisSizing":null,"layoutCrossAxisSizing":null,"name":"dark/primary","isVisible":false,"boundaryRectangle":null,"style":null,"prototypeNodeUUID":null,"child":null,"constraints":null,"description":"","pbdlType":"global_color","color":{"a":1.0,"r":0.46070611476898193,"g":0.87056964635849,"b":1.0},"colorScheme":"dark"},{"UUID":"16:246","layoutMainAxisSizing":null,"layoutCrossAxisSizing":null,"name":"dark/onPrimary","isVisible":false,"boundaryRectangle":null,"style":null,"prototypeNodeUUID":null,"child":null,"constraints":null,"description":"","pbdlType":"global_color","color":{"a":1.0,"r":0.0,"g":0.27224570512771606,"b":0.35821786522865295},"colorScheme":"dark"},{"UUID":"16:247","layoutMainAxisSizing":null,"layoutCrossAxisSizing":null,"name":"dark/primaryContainer","isVisible":false,"boundaryRectangle":null,"style":null,"prototypeNodeUUID":null,"child":null,"constraints":null,"description":"","pbdlType":"global_color","color":{"a":1.0,"r":0.0,"g":0.43921568989753723,"b":0.5764706134796143},"colorScheme":"dark"},{"UUID":"16:248","layoutMainAxisSizing":null,"layoutCrossAxisSizing":null,"name":"dark/onPrimaryContainer","isVisible":false,"boundaryRectangle":null,"style":null,"prototypeNodeUUID":null,"child":null,"constraints":null,"description":"","pbdlType":"global_color","color":{"a":1.0,"r":0.5182721614837646,"g":0.8843854665756226,"b":1.0},"colorScheme":"dark"},{"UUID":"16:249","layoutMainAxisSizing":null,"layoutCrossAxisSizing":null,"name":"dark/secondary","isVisible":false,"boundaryRectangle":null,"style":null,"prototypeNodeUUID":null,"child":null,"constraints":null,"description":"","pbdlType":"global_color","color":{"a":1.0,"r":0.32663536071777344,"g":0.917404055595398,"b":0.4211583733558655},"colorScheme":"dark"},{"UUID":"16:250","layoutMainAxisSizing":null,"layoutCrossAxisSizing":null,"name":"dark/onSecondary","isVisible":false,"boundaryRectangle":null,"style":null,"prototypeNodeUUID":null,"child":null,"constraints":null,"description":"","pbdlType":"global_color","color":{"a":1.0,"r":0.04636120796203613,"g":0.4226782023906708,"b":0.10657193511724472},"colorScheme":"dark"},{"UUID":"16:251","layoutMainAxisSizing":null,"layoutCrossAxisSizing":null,"name":"dark/secondaryContainer","isVisible":false,"boundaryRectangle":null,"style":null,"prototypeNodeUUID":null,"child":null,"constraints":null,"description":"","pbdlType":"global_color","color":{"a":1.0,"r":0.09479427337646484,"g":0.7409408092498779,"b":0.702172040939331},"colorScheme":"dark"},{"UUID":"16:252","layoutMainAxisSizing":null,"layoutCrossAxisSizing":null,"name":"dark/onSecondaryContainer","isVisible":false,"boundaryRectangle":null,"style":null,"prototypeNodeUUID":null,"child":null,"constraints":null,"description":"","pbdlType":"global_color","color":{"a":1.0,"r":0.03923743963241577,"g":0.31316429376602173,"b":0.2967287302017212},"colorScheme":"dark"},{"UUID":"16:253","layoutMainAxisSizing":null,"layoutCrossAxisSizing":null,"name":"dark/tertiary","isVisible":false,"boundaryRectangle":null,"style":null,"prototypeNodeUUID":null,"child":null,"constraints":null,"description":"","pbdlType":"global_color","color":{"a":1.0,"r":0.6720197200775146,"g":0.6720197200775146,"b":0.6720197200775146},"colorScheme":"dark"},{"UUID":"16:254","layoutMainAxisSizing":null,"layoutCrossAxisSizing":null,"name":"dark/onTertiary","isVisible":false,"boundaryRectangle":null,"style":null,"prototypeNodeUUID":null,"child":null,"constraints":null,"description":"","pbdlType":"global_color","color":{"a":1.0,"r":0.188700869679451,"g":0.188700869679451,"b":0.188700869679451},"colorScheme":"dark"},{"UUID":"16:255","layoutMainAxisSizing":null,"layoutCrossAxisSizing":null,"name":"dark/tertiaryContainer","isVisible":false,"boundaryRectangle":null,"style":null,"prototypeNodeUUID":null,"child":null,"constraints":null,"description":"","pbdlType":"global_color","color":{"a":1.0,"r":0.43036752939224243,"g":0.43036752939224243,"b":0.43036752939224243},"colorScheme":"dark"},{"UUID":"16:256","layoutMainAxisSizing":null,"layoutCrossAxisSizing":null,"name":"dark/onTertiaryContainer","isVisible":false,"boundaryRectangle":null,"style":null,"prototypeNodeUUID":null,"child":null,"constraints":null,"description":"","pbdlType":"global_color","color":{"a":1.0,"r":0.8178675174713135,"g":0.8178675174713135,"b":0.8178675174713135},"colorScheme":"dark"},{"UUID":"16:257","layoutMainAxisSizing":null,"layoutCrossAxisSizing":null,"name":"dark/error","isVisible":false,"boundaryRectangle":null,"style":null,"prototypeNodeUUID":null,"child":null,"constraints":null,"description":"","pbdlType":"global_color","color":{"a":1.0,"r":0.8440393805503845,"g":0.0,"b":3.0185199761945114e-7},"colorScheme":"dark"},{"UUID":"16:258","layoutMainAxisSizing":null,"layoutCrossAxisSizing":null,"name":"dark/onError","isVisible":false,"boundaryRectangle":null,"style":null,"prototypeNodeUUID":null,"child":null,"constraints":null,"description":"","pbdlType":"global_color","color":{"a":1.0,"r":1.0,"g":0.7190684080123901,"b":0.7190685272216797},"colorScheme":"dark"},{"UUID":"16:259","layoutMainAxisSizing":null,"layoutCrossAxisSizing":null,"name":"dark/errorContainer","isVisible":false,"boundaryRectangle":null,"style":null,"prototypeNodeUUID":null,"child":null,"constraints":null,"description":"","pbdlType":"global_color","color":{"a":1.0,"r":1.0,"g":0.8524017333984375,"b":0.8524017930030823},"colorScheme":"dark"},{"UUID":"16:260","layoutMainAxisSizing":null,"layoutCrossAxisSizing":null,"name":"dark/onErrorContainer","isVisible":false,"boundaryRectangle":null,"style":null,"prototypeNodeUUID":null,"child":null,"constraints":null,"description":"","pbdlType":"global_color","color":{"a":1.0,"r":0.6107350587844849,"g":0.0,"b":2.184158773843592e-7},"colorScheme":"dark"},{"UUID":"16:261","layoutMainAxisSizing":null,"layoutCrossAxisSizing":null,"name":"dark/background","isVisible":false,"boundaryRectangle":null,"style":null,"prototypeNodeUUID":null,"child":null,"constraints":null,"description":"","pbdlType":"global_color","color":{"a":1.0,"r":0.9053530097007751,"g":0.9053530097007751,"b":0.9053530097007751},"colorScheme":"dark"},{"UUID":"16:262","layoutMainAxisSizing":null,"layoutCrossAxisSizing":null,"name":"dark/onBackground","isVisible":false,"boundaryRectangle":null,"style":null,"prototypeNodeUUID":null,"child":null,"constraints":null,"description":"","pbdlType":"global_color","color":{"a":1.0,"r":0.28547465801239014,"g":0.28547465801239014,"b":0.28547465801239014},"colorScheme":"dark"},{"UUID":"16:263","layoutMainAxisSizing":null,"layoutCrossAxisSizing":null,"name":"dark/surface","isVisible":false,"boundaryRectangle":null,"style":null,"prototypeNodeUUID":null,"child":null,"constraints":null,"description":"","pbdlType":"global_color","color":{"a":1.0,"r":0.2459925264120102,"g":0.2459925264120102,"b":0.2459925264120102},"colorScheme":"dark"},{"UUID":"16:264","layoutMainAxisSizing":null,"layoutCrossAxisSizing":null,"name":"dark/onSurface","isVisible":false,"boundaryRectangle":null,"style":null,"prototypeNodeUUID":null,"child":null,"constraints":null,"description":"","pbdlType":"global_color","color":{"a":1.0,"r":0.537659227848053,"g":0.537659227848053,"b":0.537659227848053},"colorScheme":"dark"},{"UUID":"16:265","layoutMainAxisSizing":null,"layoutCrossAxisSizing":null,"name":"dark/surfaceVariant","isVisible":false,"boundaryRectangle":null,"style":null,"prototypeNodeUUID":null,"child":null,"constraints":null,"description":"","pbdlType":"global_color","color":{"a":1.0,"r":0.3793838620185852,"g":0.37938356399536133,"b":0.37938356399536133},"colorScheme":"dark"},{"UUID":"16:266","layoutMainAxisSizing":null,"layoutCrossAxisSizing":null,"name":"dark/outline","isVisible":false,"boundaryRectangle":null,"style":null,"prototypeNodeUUID":null,"child":null,"constraints":null,"description":"","pbdlType":"global_color","color":{"a":1.0,"r":0.2834925353527069,"g":0.2834925353527069,"b":0.2834925353527069},"colorScheme":"dark"},{"UUID":"18:267","layoutMainAxisSizing":null,"layoutCrossAxisSizing":null,"name":"dark/inverseSurface","isVisible":false,"boundaryRectangle":null,"style":null,"prototypeNodeUUID":null,"child":null,"constraints":null,"description":"","pbdlType":"global_color","color":{"a":1.0,"r":0.6376591920852661,"g":0.6376591920852661,"b":0.6376591920852661},"colorScheme":"dark"},{"UUID":"18:269","layoutMainAxisSizing":null,"layoutCrossAxisSizing":null,"name":"dark/inversePrimary","isVisible":false,"boundaryRectangle":null,"style":null,"prototypeNodeUUID":null,"child":null,"constraints":null,"description":"","pbdlType":"global_color","color":{"a":1.0,"r":0.0026061534881591797,"g":0.31555357575416565,"b":0.41437891125679016},"colorScheme":"dark"},{"UUID":"18:270","layoutMainAxisSizing":null,"layoutCrossAxisSizing":null,"name":"dark/surfaceTint","isVisible":false,"boundaryRectangle":null,"style":null,"prototypeNodeUUID":null,"child":null,"constraints":null,"description":"","pbdlType":"global_color","color":{"a":1.0,"r":0.3194442093372345,"g":0.3668258786201477,"b":0.3582971692085266},"colorScheme":"dark"},{"UUID":"186:2","layoutMainAxisSizing":null,"layoutCrossAxisSizing":null,"name":"dark/onSurfaceVariant","isVisible":false,"boundaryRectangle":null,"style":null,"prototypeNodeUUID":null,"child":null,"constraints":null,"description":"","pbdlType":"global_color","color":{"a":1.0,"r":0.7918258905410767,"g":0.7918258905410767,"b":0.7918258905410767},"colorScheme":"dark"},{"UUID":"186:3","layoutMainAxisSizing":null,"layoutCrossAxisSizing":null,"name":"dark/onInverseSurface","isVisible":false,"boundaryRectangle":null,"style":null,"prototypeNodeUUID":null,"child":null,"constraints":null,"description":"","pbdlType":"global_color","color":{"a":1.0,"r":0.26268067955970764,"g":0.26268067955970764,"b":0.26268067955970764},"colorScheme":"dark"}],"themeTextStyles":[{"UUID":"20:56","layoutMainAxisSizing":null,"layoutCrossAxisSizing":null,"name":"headline1","isVisible":false,"boundaryRectangle":null,"style":null,"prototypeNodeUUID":null,"child":null,"constraints":null,"description":"","pbdlType":"global_text_style","textStyle":{"UUID":"","layoutMainAxisSizing":null,"layoutCrossAxisSizing":null,"name":"","isVisible":false,"boundaryRectangle":null,"style":null,"prototypeNodeUUID":"","child":null,"constraints":null,"fontFamily":"Quicksand","fontPostScriptName":null,"paragraphSpacing":0,"paragraphIndent":0,"listSpacing":0,"italics":null,"fontWeight":300,"fontSize":96.0,"textCase":"ORIGINAL","textDecoration":"NONE","textAutoResize":"WIDTH_AND_HEIGHT","textAlignHorizontal":"LEFT","textAlignVertical":"TOP","letterSpacing":-1.5,"fills":null,"hyperLink":null,"opentypeFlags":{},"lineHeightPx":112.0,"lineHeightPercent":93.33333587646484,"lineHeightPercentFontSize":116.66666412353516,"lineHeightUnit":"PIXELS","pbdlType":"text_style"}},{"UUID":"20:57","layoutMainAxisSizing":null,"layoutCrossAxisSizing":null,"name":"headline2","isVisible":false,"boundaryRectangle":null,"style":null,"prototypeNodeUUID":null,"child":null,"constraints":null,"description":"","pbdlType":"global_text_style","textStyle":{"UUID":"","layoutMainAxisSizing":null,"layoutCrossAxisSizing":null,"name":"","isVisible":false,"boundaryRectangle":null,"style":null,"prototypeNodeUUID":"","child":null,"constraints":null,"fontFamily":"Quicksand","fontPostScriptName":null,"paragraphSpacing":0,"paragraphIndent":0,"listSpacing":0,"italics":null,"fontWeight":300,"fontSize":60.0,"textCase":"ORIGINAL","textDecoration":"NONE","textAutoResize":"WIDTH_AND_HEIGHT","textAlignHorizontal":"LEFT","textAlignVertical":"TOP","letterSpacing":-0.5,"fills":null,"hyperLink":null,"opentypeFlags":{},"lineHeightPx":72.0,"lineHeightPercent":96.0,"lineHeightPercentFontSize":120.0,"lineHeightUnit":"PIXELS","pbdlType":"text_style"}},{"UUID":"20:58","layoutMainAxisSizing":null,"layoutCrossAxisSizing":null,"name":"headline3","isVisible":false,"boundaryRectangle":null,"style":null,"prototypeNodeUUID":null,"child":null,"constraints":null,"description":"","pbdlType":"global_text_style","textStyle":{"UUID":"","layoutMainAxisSizing":null,"layoutCrossAxisSizing":null,"name":"","isVisible":false,"boundaryRectangle":null,"style":null,"prototypeNodeUUID":"","child":null,"constraints":null,"fontFamily":"Quicksand","fontPostScriptName":null,"paragraphSpacing":0,"paragraphIndent":0,"listSpacing":0,"italics":null,"fontWeight":400,"fontSize":48.0,"textCase":"ORIGINAL","textDecoration":"NONE","textAutoResize":"WIDTH_AND_HEIGHT","textAlignHorizontal":"LEFT","textAlignVertical":"TOP","letterSpacing":0.0,"fills":null,"hyperLink":null,"opentypeFlags":{},"lineHeightPx":56.0,"lineHeightPercent":93.33333587646484,"lineHeightPercentFontSize":116.66666412353516,"lineHeightUnit":"PIXELS","pbdlType":"text_style"}},{"UUID":"20:59","layoutMainAxisSizing":null,"layoutCrossAxisSizing":null,"name":"headline4","isVisible":false,"boundaryRectangle":null,"style":null,"prototypeNodeUUID":null,"child":null,"constraints":null,"description":"","pbdlType":"global_text_style","textStyle":{"UUID":"","layoutMainAxisSizing":null,"layoutCrossAxisSizing":null,"name":"","isVisible":false,"boundaryRectangle":null,"style":null,"prototypeNodeUUID":"","child":null,"constraints":null,"fontFamily":"Quicksand","fontPostScriptName":null,"paragraphSpacing":0,"paragraphIndent":0,"listSpacing":0,"italics":null,"fontWeight":400,"fontSize":34.0,"textCase":"ORIGINAL","textDecoration":"NONE","textAutoResize":"WIDTH_AND_HEIGHT","textAlignHorizontal":"LEFT","textAlignVertical":"TOP","letterSpacing":0.0,"fills":null,"hyperLink":null,"opentypeFlags":{},"lineHeightPx":36.0,"lineHeightPercent":84.70588684082031,"lineHeightPercentFontSize":105.88235473632812,"lineHeightUnit":"PIXELS","pbdlType":"text_style"}},{"UUID":"20:60","layoutMainAxisSizing":null,"layoutCrossAxisSizing":null,"name":"headline5","isVisible":false,"boundaryRectangle":null,"style":null,"prototypeNodeUUID":null,"child":null,"constraints":null,"description":"","pbdlType":"global_text_style","textStyle":{"UUID":"","layoutMainAxisSizing":null,"layoutCrossAxisSizing":null,"name":"","isVisible":false,"boundaryRectangle":null,"style":null,"prototypeNodeUUID":"","child":null,"constraints":null,"fontFamily":"Quicksand","fontPostScriptName":null,"paragraphSpacing":0,"paragraphIndent":0,"listSpacing":0,"italics":null,"fontWeight":400,"fontSize":24.0,"textCase":"ORIGINAL","textDecoration":"NONE","textAutoResize":"WIDTH_AND_HEIGHT","textAlignHorizontal":"LEFT","textAlignVertical":"TOP","letterSpacing":0.18000000715255737,"fills":null,"hyperLink":null,"opentypeFlags":{},"lineHeightPx":24.0,"lineHeightPercent":80.0,"lineHeightPercentFontSize":100.0,"lineHeightUnit":"PIXELS","pbdlType":"text_style"}},{"UUID":"20:61","layoutMainAxisSizing":null,"layoutCrossAxisSizing":null,"name":"headline6","isVisible":false,"boundaryRectangle":null,"style":null,"prototypeNodeUUID":null,"child":null,"constraints":null,"description":"","pbdlType":"global_text_style","textStyle":{"UUID":"","layoutMainAxisSizing":null,"layoutCrossAxisSizing":null,"name":"","isVisible":false,"boundaryRectangle":null,"style":null,"prototypeNodeUUID":"","child":null,"constraints":null,"fontFamily":"Quicksand","fontPostScriptName":null,"paragraphSpacing":0,"paragraphIndent":0,"listSpacing":0,"italics":null,"fontWeight":500,"fontSize":20.0,"textCase":"ORIGINAL","textDecoration":"NONE","textAutoResize":"WIDTH_AND_HEIGHT","textAlignHorizontal":"LEFT","textAlignVertical":"TOP","letterSpacing":0.15000000596046448,"fills":null,"hyperLink":null,"opentypeFlags":{},"lineHeightPx":24.0,"lineHeightPercent":96.0,"lineHeightPercentFontSize":120.0,"lineHeightUnit":"PIXELS","pbdlType":"text_style"}},{"UUID":"20:62","layoutMainAxisSizing":null,"layoutCrossAxisSizing":null,"name":"subtitle1","isVisible":false,"boundaryRectangle":null,"style":null,"prototypeNodeUUID":null,"child":null,"constraints":null,"description":"","pbdlType":"global_text_style","textStyle":{"UUID":"","layoutMainAxisSizing":null,"layoutCrossAxisSizing":null,"name":"","isVisible":false,"boundaryRectangle":null,"style":null,"prototypeNodeUUID":"","child":null,"constraints":null,"fontFamily":"Quicksand","fontPostScriptName":null,"paragraphSpacing":0,"paragraphIndent":0,"listSpacing":0,"italics":null,"fontWeight":400,"fontSize":16.0,"textCase":"ORIGINAL","textDecoration":"NONE","textAutoResize":"WIDTH_AND_HEIGHT","textAlignHorizontal":"LEFT","textAlignVertical":"TOP","letterSpacing":0.15000000596046448,"fills":null,"hyperLink":null,"opentypeFlags":{},"lineHeightPx":24.0,"lineHeightPercent":120.00000762939453,"lineHeightPercentFontSize":150.0,"lineHeightUnit":"PIXELS","pbdlType":"text_style"}},{"UUID":"20:63","layoutMainAxisSizing":null,"layoutCrossAxisSizing":null,"name":"subtitle2","isVisible":false,"boundaryRectangle":null,"style":null,"prototypeNodeUUID":null,"child":null,"constraints":null,"description":"","pbdlType":"global_text_style","textStyle":{"UUID":"","layoutMainAxisSizing":null,"layoutCrossAxisSizing":null,"name":"","isVisible":false,"boundaryRectangle":null,"style":null,"prototypeNodeUUID":"","child":null,"constraints":null,"fontFamily":"Quicksand","fontPostScriptName":null,"paragraphSpacing":0,"paragraphIndent":0,"listSpacing":0,"italics":null,"fontWeight":500,"fontSize":14.0,"textCase":"ORIGINAL","textDecoration":"NONE","textAutoResize":"WIDTH_AND_HEIGHT","textAlignHorizontal":"LEFT","textAlignVertical":"TOP","letterSpacing":0.10000000149011612,"fills":null,"hyperLink":null,"opentypeFlags":{},"lineHeightPx":24.0,"lineHeightPercent":137.1428680419922,"lineHeightPercentFontSize":171.42857360839844,"lineHeightUnit":"PIXELS","pbdlType":"text_style"}},{"UUID":"20:64","layoutMainAxisSizing":null,"layoutCrossAxisSizing":null,"name":"bodyText1","isVisible":false,"boundaryRectangle":null,"style":null,"prototypeNodeUUID":null,"child":null,"constraints":null,"description":"","pbdlType":"global_text_style","textStyle":{"UUID":"","layoutMainAxisSizing":null,"layoutCrossAxisSizing":null,"name":"","isVisible":false,"boundaryRectangle":null,"style":null,"prototypeNodeUUID":"","child":null,"constraints":null,"fontFamily":"Quicksand","fontPostScriptName":null,"paragraphSpacing":0,"paragraphIndent":0,"listSpacing":0,"italics":null,"fontWeight":400,"fontSize":16.0,"textCase":"ORIGINAL","textDecoration":"NONE","textAutoResize":"WIDTH_AND_HEIGHT","textAlignHorizontal":"LEFT","textAlignVertical":"TOP","letterSpacing":0.5,"fills":null,"hyperLink":null,"opentypeFlags":{},"lineHeightPx":24.0,"lineHeightPercent":120.00000762939453,"lineHeightPercentFontSize":150.0,"lineHeightUnit":"PIXELS","pbdlType":"text_style"}},{"UUID":"20:65","layoutMainAxisSizing":null,"layoutCrossAxisSizing":null,"name":"bodyText2","isVisible":false,"boundaryRectangle":null,"style":null,"prototypeNodeUUID":null,"child":null,"constraints":null,"description":"","pbdlType":"global_text_style","textStyle":{"UUID":"","layoutMainAxisSizing":null,"layoutCrossAxisSizing":null,"name":"","isVisible":false,"boundaryRectangle":null,"style":null,"prototypeNodeUUID":"","child":null,"constraints":null,"fontFamily":"Quicksand","fontPostScriptName":null,"paragraphSpacing":0,"paragraphIndent":0,"listSpacing":0,"italics":null,"fontWeight":400,"fontSize":14.0,"textCase":"ORIGINAL","textDecoration":"NONE","textAutoResize":"WIDTH_AND_HEIGHT","textAlignHorizontal":"LEFT","textAlignVertical":"TOP","letterSpacing":0.25,"fills":null,"hyperLink":null,"opentypeFlags":{},"lineHeightPx":20.0,"lineHeightPercent":114.28572082519531,"lineHeightPercentFontSize":142.85714721679688,"lineHeightUnit":"PIXELS","pbdlType":"text_style"}},{"UUID":"20:66","layoutMainAxisSizing":null,"layoutCrossAxisSizing":null,"name":"button","isVisible":false,"boundaryRectangle":null,"style":null,"prototypeNodeUUID":null,"child":null,"constraints":null,"description":"","pbdlType":"global_text_style","textStyle":{"UUID":"","layoutMainAxisSizing":null,"layoutCrossAxisSizing":null,"name":"","isVisible":false,"boundaryRectangle":null,"style":null,"prototypeNodeUUID":"","child":null,"constraints":null,"fontFamily":"Quicksand","fontPostScriptName":null,"paragraphSpacing":0,"paragraphIndent":0,"listSpacing":0,"italics":null,"fontWeight":500,"fontSize":14.0,"textCase":"UPPER","textDecoration":"NONE","textAutoResize":"WIDTH_AND_HEIGHT","textAlignHorizontal":"LEFT","textAlignVertical":"TOP","letterSpacing":1.25,"fills":null,"hyperLink":null,"opentypeFlags":{},"lineHeightPx":16.0,"lineHeightPercent":91.42857360839844,"lineHeightPercentFontSize":114.28571319580078,"lineHeightUnit":"PIXELS","pbdlType":"text_style"}},{"UUID":"20:67","layoutMainAxisSizing":null,"layoutCrossAxisSizing":null,"name":"caption","isVisible":false,"boundaryRectangle":null,"style":null,"prototypeNodeUUID":null,"child":null,"constraints":null,"description":"","pbdlType":"global_text_style","textStyle":{"UUID":"","layoutMainAxisSizing":null,"layoutCrossAxisSizing":null,"name":"","isVisible":false,"boundaryRectangle":null,"style":null,"prototypeNodeUUID":"","child":null,"constraints":null,"fontFamily":"Quicksand","fontPostScriptName":null,"paragraphSpacing":0,"paragraphIndent":0,"listSpacing":0,"italics":null,"fontWeight":400,"fontSize":10.0,"textCase":"UPPER","textDecoration":"NONE","textAutoResize":"WIDTH_AND_HEIGHT","textAlignHorizontal":"LEFT","textAlignVertical":"TOP","letterSpacing":1.5,"fills":null,"hyperLink":null,"opentypeFlags":{},"lineHeightPx":16.0,"lineHeightPercent":128.0,"lineHeightPercentFontSize":160.0,"lineHeightUnit":"PIXELS","pbdlType":"text_style"}},{"UUID":"20:68","layoutMainAxisSizing":null,"layoutCrossAxisSizing":null,"name":"overline","isVisible":false,"boundaryRectangle":null,"style":null,"prototypeNodeUUID":null,"child":null,"constraints":null,"description":"","pbdlType":"global_text_style","textStyle":{"UUID":"","layoutMainAxisSizing":null,"layoutCrossAxisSizing":null,"name":"","isVisible":false,"boundaryRectangle":null,"style":null,"prototypeNodeUUID":"","child":null,"constraints":null,"fontFamily":"Quicksand","fontPostScriptName":null,"paragraphSpacing":0,"paragraphIndent":0,"listSpacing":0,"italics":null,"fontWeight":400,"fontSize":10.0,"textCase":"UPPER","textDecoration":"NONE","textAutoResize":"WIDTH_AND_HEIGHT","textAlignHorizontal":"LEFT","textAlignVertical":"TOP","letterSpacing":1.5,"fills":null,"hyperLink":null,"opentypeFlags":{},"lineHeightPx":16.0,"lineHeightPercent":128.0,"lineHeightPercentFontSize":160.0,"lineHeightUnit":"PIXELS","pbdlType":"text_style"}}]},"pbdlType":"project"}